table_label,last_edited,created,table_name
WatchBaseline-v4,03/19/2020 4:38 AM,05/14/2019 3:29 AM,syn18686047
MorningV1-v3,03/19/2020 4:38 AM,05/10/2019 2:00 PM,syn18683072
NightV3-v2,03/19/2020 4:38 AM,05/10/2019 2:00 PM,syn18683071
AfternoonV3-v2,03/19/2020 4:39 AM,05/10/2019 2:00 PM,syn18683070
MorningV3-v2,03/19/2020 4:37 AM,05/10/2019 2:00 PM,syn18683069
NightV2-v2,03/19/2020 4:34 AM,05/10/2019 1:59 PM,syn18683068
AfternoonV2-v2,03/19/2020 4:39 AM,05/10/2019 1:59 PM,syn18683067
MorningV2-v2,03/19/2020 4:37 AM,05/10/2019 1:59 PM,syn18683066
NightV1-v2,03/19/2020 4:33 AM,05/10/2019 1:59 PM,syn18683065
AfternoonV1-v2,03/19/2020 4:38 AM,05/10/2019 1:58 PM,syn18683064
Baseline-v3,03/19/2020 4:27 AM,05/10/2019 9:37 AM,syn18683010
Blood Pressure-v9,03/19/2020 4:34 AM,05/10/2019 9:37 AM,syn18683009
Reminders-v2,03/19/2020 4:35 AM,05/08/2019 3:35 AM,syn18671271
Reminders-v1,05/04/2019 4:38 AM,05/04/2019 3:41 AM,syn18659331
Blood Pressure-v8,05/08/2019 4:43 AM,04/26/2019 3:49 AM,syn18585206
Night-v14,03/19/2020 4:24 AM,03/15/2019 3:53 PM,syn18433948
Morning-v12,03/19/2020 4:26 AM,03/14/2019 3:49 AM,syn18423220
Body and Mind-v14,03/19/2020 4:33 AM,03/14/2019 3:40 AM,syn18423217
Morning-v11,03/14/2019 5:28 AM,03/13/2019 3:30 AM,syn18420675
Background Survey-v8,03/19/2020 4:27 AM,03/12/2019 3:57 AM,syn18415953
Background Survey-v7,03/08/2019 4:33 PM,03/08/2019 4:30 PM,syn18411655
Enhance Profile Connections With Others-v1,03/19/2020 4:24 AM,03/07/2019 4:32 PM,syn18408259
Morning-v10,03/10/2019 4:55 AM,03/07/2019 1:20 PM,syn18407523
Enhance Profile Parenting Experiences-v1,03/17/2020 4:47 AM,03/05/2019 12:47 PM,syn18403707
Enhance Profile Social Perceptions-v2,03/17/2020 4:36 AM,03/04/2019 1:44 PM,syn18395660
Enhance Profile Internet Gaming-v2,03/19/2020 4:32 AM,03/04/2019 1:44 PM,syn18395658
Enhance Profile Social Perceptions-v1,03/04/2019 11:48 AM,03/04/2019 11:46 AM,syn18393999
Enhance Profile Internet Gaming-v1,03/04/2019 11:48 AM,03/04/2019 11:45 AM,syn18393989
Background Survey-v6,07/30/2019 3:52 AM,02/27/2019 3:02 AM,syn18379710
WatchBaseline-v3,03/19/2020 4:38 AM,02/26/2019 2:45 AM,syn18377536
Body and Mind-v13,06/21/2019 3:47 AM,02/21/2019 10:33 AM,syn18357584
Morning-v9,03/21/2019 5:26 AM,02/14/2019 2:15 AM,syn18344811
Body and Mind-v12,03/11/2019 5:11 AM,02/12/2019 2:24 AM,syn18265606
WatchBaseline-v2,03/13/2019 5:06 AM,02/12/2019 2:23 AM,syn18265605
Night-v13,03/11/2019 5:12 AM,02/11/2019 2:28 AM,syn18199742
Blood Pressure-v7,03/19/2020 4:35 AM,02/11/2019 2:24 AM,syn18199741
Morning-v8,02/16/2019 3:18 AM,02/08/2019 2:20 AM,syn18145868
WatchBaseline-v1,02/11/2019 3:12 AM,02/05/2019 2:35 AM,syn18143708
Body and Mind-v11,02/15/2019 3:17 AM,02/02/2019 8:52 PM,syn18140254
Night-v12,02/15/2019 3:18 AM,01/31/2019 7:39 PM,syn18135082
Morning-v7,01/31/2019 10:13 AM,01/31/2019 10:13 AM,syn18134557
Night-v10,02/12/2019 3:26 AM,01/30/2019 2:16 AM,syn18133573
Body and Mind-v8,02/12/2019 3:25 AM,01/29/2019 1:06 PM,syn18107948
Morning-v6,02/12/2019 3:29 AM,01/29/2019 1:06 PM,syn18107930
Enhance Profile Interpersonal Stress-v6,03/19/2020 4:26 AM,01/29/2019 10:47 AM,syn18103169
Enhance Profile The Future-v4,03/19/2020 4:38 AM,01/25/2019 2:25 AM,syn18081917
Enhance Profile Well Being 2-v2,03/19/2020 4:26 AM,01/25/2019 2:25 AM,syn18081916
Enhance Profile Work Stress-v4,03/18/2020 4:28 AM,01/25/2019 2:22 AM,syn18081915
Background Survey-v5,03/05/2019 3:21 AM,01/23/2019 2:20 AM,syn18078244
Enhance Profile The Future-v3,01/21/2019 2:18 PM,01/21/2019 2:18 PM,syn18071840
Enhance Profile Current Stress Scale-v2,03/19/2020 4:27 AM,01/21/2019 1:51 PM,syn18071451
Enhance Profile Work Stress-v3,01/21/2019 1:52 PM,01/21/2019 1:51 PM,syn18071447
Enhance Profile Interpersonal Stress-v5,01/21/2019 1:52 PM,01/21/2019 1:51 PM,syn18071442
Enhance Profile Physical Health-v3,03/17/2020 4:36 AM,01/21/2019 1:51 PM,syn18071440
Enhance Profile Feelings About Others-v3,03/19/2020 4:26 AM,01/21/2019 1:51 PM,syn18071438
Enhance Profile Manage Your Feelings-v1,03/19/2020 4:26 AM,01/21/2019 11:12 AM,syn18070462
Enhance Profile Media Exposure-v1,03/19/2020 4:26 AM,01/21/2019 11:11 AM,syn18070461
Enhance Profile Feelings About Others-v1,01/21/2019 11:13 AM,01/21/2019 11:11 AM,syn18070460
Enhance Profile Well Being 2-v1,01/21/2019 1:52 PM,01/21/2019 11:11 AM,syn18070459
Enhance Profile Work Stress-v1,01/21/2019 11:12 AM,01/21/2019 11:10 AM,syn18070458
Enhance Profile Interpersonal Stress-v1,01/21/2019 11:13 AM,01/21/2019 11:10 AM,syn18070457
Enhance Profile Physical Health-v1,01/21/2019 11:13 AM,01/21/2019 11:10 AM,syn18070456
Baseline-v1,01/18/2019 3:48 AM,01/18/2019 2:30 AM,syn17956015
Blood Pressure-v1,01/18/2019 3:46 AM,01/18/2019 2:30 AM,syn17956013
Background Survey Testing-v1,01/15/2019 12:17 PM,01/15/2019 10:48 AM,syn17862185
Night-v9,03/19/2020 4:25 AM,05/09/2018 3:29 AM,syn12208884
Body and Mind-v7,03/19/2020 4:33 AM,05/08/2018 3:23 AM,syn12207186
Morning-v5,03/09/2020 4:17 AM,04/24/2018 3:17 AM,syn12169270
Background Survey-v1,03/17/2018 4:03 AM,03/17/2018 4:03 AM,syn11998085
Morning-v4,03/16/2020 4:12 AM,03/11/2018 3:02 AM,syn11959728
Body and Mind-v6,03/18/2020 4:38 AM,03/11/2018 3:02 AM,syn11959727
Night-v8,03/19/2020 4:25 AM,03/11/2018 3:02 AM,syn11959726
Blood Pressure-v6,03/19/2020 4:35 AM,03/08/2018 6:58 PM,syn11958325
Background Survey-v2,10/12/2018 7:55 AM,02/27/2018 2:03 AM,syn11923681
Enhance Profile Past Negative Experiences-v4,03/17/2020 4:49 AM,02/27/2018 2:02 AM,syn11923680
Enhance Profile Current Stress Scale-v1,03/17/2020 4:36 AM,02/27/2018 2:02 AM,syn11923679
Enhance Profile Well Being-v2,03/17/2020 4:34 AM,02/26/2018 4:03 AM,syn11915047
Enhance Profile Physical Health-v2,03/11/2020 4:47 AM,02/26/2018 4:02 AM,syn11915046
Enhance Profile Past Negative Experiences-v3,03/16/2018 9:08 AM,02/26/2018 4:02 AM,syn11915041
Enhance Profile Feelings About Others-v2,02/21/2020 3:35 AM,02/26/2018 4:02 AM,syn11915039
Enhance Profile Interpersonal Stress-v4,12/14/2019 3:18 AM,02/25/2018 2:01 AM,syn11912198
Body and Mind-v4,03/16/2018 9:08 AM,02/25/2018 2:01 AM,syn11912197
Enhance Profile Personality-v2,03/17/2020 4:47 AM,02/24/2018 2:01 AM,syn11910409
Blood Pressure-v2,12/17/2018 3:17 AM,02/24/2018 2:01 AM,syn11910408
Enhance Profile Interpersonal Stress-v3,03/16/2018 9:08 AM,02/24/2018 2:01 AM,syn11910407
Enhance Profile Feelings About Future-v1,03/16/2020 4:19 AM,02/24/2018 2:01 AM,syn11910406
Enhance Profile Financial Strain-v2,03/19/2020 4:32 AM,02/23/2018 2:01 AM,syn11896054
Feedback-v1,03/17/2020 4:47 AM,02/23/2018 2:01 AM,syn11896053
Morning-v3,03/16/2018 9:07 AM,02/22/2018 3:01 PM,syn11888973
Enhance Profile Social Life-v2,03/19/2020 4:25 AM,02/22/2018 3:01 PM,syn11888967
Enhance Profile Work Stress-v2,12/26/2019 3:08 AM,02/22/2018 2:03 AM,syn11881836
Enhance Profile Early Life-v2,03/19/2020 4:33 AM,02/22/2018 2:03 AM,syn11881835
Body and Mind-v5,03/16/2018 9:07 AM,02/21/2018 2:01 AM,syn11860966
Baseline-v2,03/19/2020 4:27 AM,02/21/2018 2:01 AM,syn11860964
Blood Pressure-v4,03/16/2018 9:06 AM,02/21/2018 2:01 AM,syn11860962
samsung-blood-pressure-status,03/19/2020 4:40 AM,02/20/2018 5:34 PM,syn11855403
Background Survey-v3,03/19/2020 4:27 AM,02/20/2018 5:34 PM,syn11855399
Night-v7,03/16/2018 9:06 AM,02/20/2018 5:34 PM,syn11855396
Health Data Summary Table,03/19/2020 4:39 AM,02/20/2018 5:34 PM,syn11855393

